,City,Country,Lat,Lng,Max Temp,Humidity,Cloudiness,Wind Speed,Date
0,Kichera,RU,55.94,110.1,58.41,70,99,5.48,1597009147
1,Port Lincoln,AU,-34.73,135.87,50.76,89,5,12.95,1597009148
2,Rikitea,PF,-23.12,-134.97,69.94,76,28,23.44,1597009149
3,Lompoc,US,34.64,-120.46,71.6,60,11,12.75,1597009150
4,Carnarvon,AU,-24.87,113.63,64.4,68,40,13.87,1597009151
5,Jamestown,US,42.1,-79.24,82.0,61,75,9.17,1597009152
6,Saint George,US,37.1,-113.58,102.99,7,1,11.14,1597008882
7,Kapaa,US,22.08,-159.32,82.4,74,90,20.8,1597009154
8,Punta Arenas,CL,-53.15,-70.92,37.4,86,75,18.34,1597009155
9,Safi,MA,32.3,-9.24,71.73,86,0,13.6,1597009156
10,Salalah,OM,17.02,54.09,78.8,83,75,4.7,1597009080
11,Norman Wells,CA,65.28,-126.83,71.6,46,20,8.05,1597009158
12,Saint-François,FR,46.42,3.91,77.0,57,100,3.36,1597009160
13,Muros,ES,42.78,-9.06,66.99,78,49,1.01,1597009161
14,Kisanga,TZ,-7.44,37.7,67.62,65,0,3.22,1597009162
15,Zhuhai,CN,22.28,113.57,84.2,79,20,9.17,1597009163
16,Castro,BR,-24.79,-50.01,59.36,69,8,3.89,1597009164
17,Hokitika,NZ,-42.72,170.97,52.07,79,93,7.38,1597009165
18,Nanortalik,GL,60.14,-45.24,42.91,90,99,1.05,1597009166
19,Krasnyy Chikoy,RU,50.36,108.75,55.89,90,99,3.06,1597009167
20,Bredasdorp,ZA,-34.53,20.04,55.4,82,22,14.99,1597009168
21,Albany,US,42.6,-73.97,87.01,45,25,6.64,1597009169
22,Qaanaaq,GL,77.48,-69.36,40.37,68,31,0.38,1597009170
23,Tuatapere,NZ,-46.13,167.68,48.99,88,96,18.01,1597009172
24,East London,ZA,-33.02,27.91,64.67,39,0,24.54,1597009173
25,Cayenne,GF,4.93,-52.33,86.0,70,39,11.41,1597008881
26,Saint-Philippe,RE,-21.36,55.77,62.6,55,20,8.05,1597009175
27,Ushuaia,AR,-54.8,-68.3,41.0,56,75,11.41,1597008961
28,Vaini,TO,-21.2,-175.2,73.4,83,20,8.05,1597009177
29,Otradnoye,RU,59.78,30.82,66.99,72,18,4.47,1597009178
30,Chokurdakh,RU,70.63,147.92,41.72,71,100,10.11,1597009179
31,Arraial do Cabo,BR,-22.97,-42.03,73.4,83,20,12.75,1597009180
32,Lüderitz,NA,-26.65,15.16,57.2,71,0,13.87,1597009181
33,Seoul,KR,37.57,126.98,78.8,88,90,3.36,1597009110
34,Mataura,NZ,-46.19,168.86,48.99,88,100,18.01,1597009183
35,Sørland,NO,67.67,12.69,51.8,76,75,5.82,1597009184
36,Provideniya,RU,64.38,-173.3,55.4,66,40,13.42,1597009186
37,Jejūri,IN,18.28,74.17,71.92,89,100,8.39,1597009187
38,Mount Isa,AU,-20.73,139.5,39.2,46,0,3.36,1597008960
39,Iqaluit,CA,63.75,-68.51,55.4,43,20,8.05,1597009189
40,Jacksonville Beach,US,30.29,-81.39,88.0,70,1,13.87,1597009084
41,Chake Chake,TZ,-5.25,39.77,73.27,83,1,10.4,1597009191
42,Hithadhoo,MV,-0.6,73.08,81.99,81,100,11.59,1597009192
43,Hermanus,ZA,-34.42,19.23,57.0,77,24,4.0,1597009193
44,Wanxian,CN,30.8,108.39,78.84,79,0,1.92,1597009194
45,Alice Springs,AU,-23.7,133.88,37.4,74,0,3.36,1597009195
46,Shimoda,JP,34.67,138.95,81.0,77,97,1.99,1597009196
47,Ribeira Grande,PT,38.52,-28.7,75.2,69,20,12.75,1597009197
48,Bandarbeyla,SO,9.49,50.81,76.33,64,18,31.52,1597009198
49,Busselton,AU,-33.65,115.33,54.0,76,54,15.39,1597009199
50,Yangambi,CD,0.81,24.43,72.52,92,100,1.59,1597009200
51,Olafsvik,IS,64.89,-23.71,52.18,96,99,14.88,1597009201
52,Grand Gaube,MU,-20.01,57.66,68.0,54,61,5.99,1597009202
53,Muravlenko,RU,63.79,74.52,63.68,79,97,10.25,1597009204
54,New Norfolk,AU,-42.78,147.06,35.01,91,2,2.37,1597009205
55,Esperance,AU,-33.87,121.9,54.57,80,62,21.25,1597009206
56,Yerbogachën,RU,61.28,108.01,57.33,80,0,4.32,1597009207
57,Severo-Kuril'sk,RU,50.68,156.12,54.63,87,69,3.78,1597009208
58,Santa Cruz do Capibaribe,BR,-7.96,-36.2,67.57,86,32,9.84,1597009209
59,Codrington,AU,-38.27,141.97,40.51,93,6,6.85,1597009210
60,Leh,IN,34.17,77.58,62.91,45,52,6.02,1597009211
61,Sabang,ID,5.89,95.32,84.11,72,100,17.38,1597009212
62,Nicoya,CR,10.15,-85.45,86.0,66,95,13.87,1597009213
63,Mwene-Ditu,CD,-7.0,23.45,71.02,49,77,4.07,1597009214
64,Saint Paul Harbor,US,57.79,-152.41,62.6,48,1,21.92,1597009216
65,Grindavik,IS,63.84,-22.43,51.8,100,90,16.11,1597009217
66,Zapolyarnyy,RU,69.42,30.81,50.0,93,75,12.75,1597009218
67,Ouésso,CG,1.61,16.05,72.99,83,100,2.35,1597009219
68,Paracuru,BR,-3.41,-39.03,79.0,77,1,21.0,1597009220
69,Yumen,CN,40.28,97.2,67.15,25,76,4.16,1597009221
70,Birecik,TR,37.03,37.99,75.2,64,0,10.29,1597009222
71,Aykhal,RU,66.0,111.5,46.4,93,90,6.71,1597009223
72,Richards Bay,ZA,-28.78,32.04,66.33,69,0,11.34,1597009224
73,Thomaston,US,32.89,-84.33,93.99,52,1,6.93,1597008956
74,Tilichiki,RU,60.47,166.1,53.47,80,100,5.57,1597009226
75,Faanui,PF,-16.48,-151.75,77.72,75,0,16.53,1597009227
76,Susanville,US,40.42,-120.65,93.0,14,1,3.36,1597009228
77,Granada,ES,37.25,-3.25,82.99,33,70,4.18,1597009229
78,Birao,CF,10.28,22.79,69.15,96,100,4.27,1597009231
79,Torbay,CA,47.67,-52.73,75.0,60,20,20.8,1597009232
80,Guerrero Negro,MX,27.98,-114.06,82.69,41,0,18.7,1597009233
81,Banepā,NP,27.63,85.52,71.6,100,75,0.56,1597009234
82,Rovinj,HR,45.08,13.64,78.8,57,3,8.05,1597009235
83,Port Hedland,AU,-20.32,118.57,73.4,88,90,11.41,1597009236
84,Niamey,NE,13.51,2.11,80.6,78,16,6.93,1597009237
85,Ginir,ET,7.13,40.7,59.43,78,76,9.46,1597009238
86,Port Elizabeth,ZA,-33.92,25.57,60.8,67,1,19.46,1597009239
87,Nioro,GM,13.35,-15.75,76.46,94,100,5.39,1597009240
88,Plettenberg Bay,ZA,-34.05,23.37,56.93,58,0,14.09,1597009241
89,Port Alfred,ZA,-33.59,26.89,61.05,47,3,20.22,1597009242
90,Tijucas,BR,-27.24,-48.63,68.0,82,0,9.17,1597009196
91,Tuktoyaktuk,CA,69.45,-133.04,46.4,93,90,20.8,1597009244
92,Kopervik,NO,59.28,5.31,59.0,87,0,14.99,1597009246
93,Bluff,NZ,-46.6,168.33,48.99,89,95,18.99,1597009247
94,Bethel,US,41.37,-73.41,89.01,48,1,10.29,1597009248
95,Hobyo,SO,5.35,48.53,75.36,71,3,25.26,1597009249
96,Damietta,EG,31.42,31.81,76.78,77,0,5.93,1597009250
97,Naze,JP,28.37,129.48,84.2,89,75,34.45,1597009251
98,Upernavik,GL,72.79,-56.15,40.19,70,24,1.74,1597009252
99,Port Augusta,AU,-32.5,137.77,42.01,93,40,5.1,1597009253
100,Mineiros,BR,-17.57,-52.55,69.87,33,0,1.16,1597009158
101,San Cristobal,VE,7.77,-72.22,91.4,38,40,23.04,1597009243
102,Cherëmukhovo,RU,60.35,59.99,51.75,97,100,11.32,1597009256
103,Cabra,ES,37.47,-4.44,88.0,23,45,3.18,1597009257
104,George Town,MY,5.41,100.34,82.4,88,20,4.7,1597009168
105,Atuona,PF,-9.8,-139.03,78.93,68,50,22.21,1597009259
106,Olinda,BR,-8.01,-34.86,78.8,74,75,13.87,1597009260
107,Hobart,AU,-42.88,147.33,35.01,83,75,5.82,1597009220
108,Rio Grande,BR,-32.03,-52.1,69.8,77,0,6.93,1597009094
109,Saint-Pierre,RE,-21.34,55.48,62.6,55,20,8.05,1597009264
110,Puerto Ayora,EC,-0.74,-90.35,77.0,65,93,6.93,1597009265
111,Ahmadpur,IN,18.7,76.93,71.98,93,100,14.25,1597009266
112,Hofn,IS,64.25,-15.21,52.02,97,100,7.54,1597009267
113,Port-Gentil,GA,-0.72,8.78,77.0,83,40,13.13,1597009268
114,Saldanha,ZA,-33.01,17.94,57.06,82,9,12.24,1597009269
115,Meulaboh,ID,4.14,96.13,77.13,82,65,4.32,1597009270
116,Katobu,ID,-4.94,122.53,74.1,93,15,3.94,1597009271
117,Mahébourg,MU,-20.41,57.7,68.0,52,75,12.75,1597009272
118,Faya,SA,18.39,42.45,69.8,82,77,8.05,1597009273
119,Broome,US,42.25,-75.83,84.99,44,1,10.29,1597009274
120,Port Moresby,PG,-9.44,147.18,75.2,100,40,4.7,1597009275
121,Tiffin,US,41.11,-83.18,87.01,56,1,7.4,1597009277
122,Mossamedes,AO,-15.2,12.15,60.1,87,3,3.71,1597009278
123,Chapais,CA,49.78,-74.85,80.6,51,75,5.82,1597009279
124,Santa Rita do Sapucaí,BR,-22.25,-45.7,59.31,61,18,2.15,1597009280
125,Airai,TL,-8.93,125.41,57.45,95,72,1.95,1597009281
126,Butaritari,KI,3.07,172.79,82.81,75,92,19.64,1597009282
127,Tasiilaq,GL,65.61,-37.64,42.8,93,100,3.36,1597009283
128,Grenville,GD,12.12,-61.62,82.4,78,20,11.41,1597009284
129,Fairbanks,US,64.84,-147.72,64.99,59,1,3.36,1597008990
130,Bījār,IR,35.87,47.61,60.26,55,0,4.0,1597009286
131,Rock Sound,BS,24.9,-76.2,84.09,67,6,8.9,1597009287
132,Jardim,BR,-21.48,-56.14,75.9,28,0,2.48,1597009288
133,Cairns,AU,-16.92,145.77,69.8,73,40,9.17,1597009286
134,Chui,UY,-33.7,-53.46,62.83,85,92,6.35,1597009290
135,Roald,NO,62.58,6.13,55.4,87,0,13.87,1597009292
136,Barrow,US,71.29,-156.79,41.0,93,90,8.05,1597009293
137,Jinji,CN,23.23,110.83,77.61,90,25,1.59,1597009294
138,Acaraú,BR,-2.89,-40.12,78.06,76,0,14.25,1597009295
139,Bend,US,44.06,-121.32,77.0,17,1,10.29,1597009296
140,Krasnoarmiys'k,UA,48.28,37.18,64.36,66,0,7.4,1597009297
141,Avarua,CK,-21.21,-159.78,75.2,88,93,8.05,1597009298
142,Martapura,ID,-3.42,114.85,75.2,100,90,1.12,1597009299
143,Rajanpur,PK,29.1,70.33,95.65,47,50,8.88,1597009300
144,Nome,US,64.5,-165.41,50.0,76,90,3.36,1597009302
145,Taltal,CL,-25.4,-70.48,60.31,68,22,3.83,1597009303
146,Isangel,VU,-19.55,169.27,77.0,78,75,3.36,1597009304
147,Kuril'sk,RU,45.23,147.88,61.45,80,36,3.02,1597009305
148,Northam,GB,51.03,-4.22,64.0,95,96,1.99,1597009306
149,Katsuura,JP,35.13,140.3,82.0,91,94,10.56,1597009307
150,Buala,SB,-8.14,159.59,83.25,74,99,7.87,1597009308
151,Cape Town,ZA,-33.93,18.42,57.99,87,75,12.75,1597009270
152,Cherskiy,RU,68.75,161.3,43.21,86,100,8.3,1597009310
153,Saskylakh,RU,71.92,114.08,42.26,66,100,4.12,1597009311
154,Cidreira,BR,-30.18,-50.21,62.13,71,5,9.26,1597009312
155,Bay Roberts,CA,47.6,-53.26,73.0,100,0,1.99,1597009313
156,Vestmannaeyjar,IS,63.44,-20.27,53.08,97,100,21.59,1597009314
157,Pochutla,MX,15.74,-96.47,91.4,55,75,11.41,1597009315
158,Schruns,AT,47.07,9.95,73.99,71,0,2.33,1597009316
159,Alugan,PH,12.22,125.48,80.65,83,100,6.51,1597009317
160,Balashov,RU,51.55,43.17,61.0,73,0,1.99,1597009318
161,Sitka,US,57.05,-135.33,55.4,87,90,25.28,1597009319
162,Río Gallegos,AR,-51.62,-69.22,33.8,69,100,5.82,1597009321
163,Kambove,CD,-10.88,26.6,56.17,45,0,4.07,1597009322
164,Bonavista,CA,48.65,-53.11,73.0,65,6,13.0,1597009323
165,São Filipe,CV,14.9,-24.5,76.8,81,37,5.03,1597009324
166,Bilibino,RU,68.05,166.44,47.77,66,100,6.53,1597009325
167,Aksu,CN,41.12,80.26,78.51,25,99,7.29,1597009326
168,Kukshi,IN,22.2,74.75,79.56,85,100,12.03,1597009327
169,Okha,RU,53.57,142.95,59.94,86,100,6.73,1597009328
170,Sur,OM,22.57,59.53,87.48,65,29,3.51,1597009329
171,Maniitsoq,GL,65.42,-52.9,42.4,77,66,20.8,1597009330
172,Dhidhdhoo,MV,6.88,73.1,82.62,76,100,18.63,1597009158
173,Kaohsiung City,TW,22.62,120.31,84.2,83,75,3.36,1597009332
174,Acapulco de Juárez,MX,16.86,-99.89,87.8,70,40,9.17,1597009333
175,Adré,TD,13.47,22.2,69.98,91,99,4.85,1597009335
176,Ilulissat,GL,69.22,-51.1,37.4,86,100,3.36,1597009336
177,Kazanskoye,RU,55.64,69.23,64.8,84,83,9.66,1597009337
178,Pevek,RU,69.7,170.31,37.85,89,99,6.89,1597009338
179,Praia,CV,14.92,-23.51,80.6,65,40,10.29,1597009304
180,Tamuín,MX,21.98,-98.75,81.61,76,100,4.85,1597009340
181,Klaksvík,FO,62.23,-6.59,53.6,87,97,9.17,1597009341
182,Taber,CA,49.82,-112.15,66.2,34,40,5.82,1597009342
183,Nuuk,GL,64.18,-51.72,42.8,93,100,10.29,1597009343
184,Yellowknife,CA,62.46,-114.35,69.8,49,75,18.34,1597009344
185,Pasinler,TR,39.98,41.68,71.6,28,40,20.8,1597009345
186,Florianópolis,BR,-27.61,-48.5,69.8,68,0,14.99,1597009347
187,Ashikaga,JP,36.33,139.45,86.0,75,100,4.0,1597009348
188,Caravelas,BR,-17.71,-39.25,69.75,87,12,5.88,1597009349
189,Pangnirtung,CA,66.15,-65.71,44.78,60,90,3.4,1597009350
190,Padang,ID,-0.95,100.35,77.61,74,97,4.32,1597009351
191,Oga,IT,46.46,10.35,62.6,93,4,3.36,1597009352
192,Tuapse,RU,44.11,39.07,76.06,61,0,8.16,1597009353
193,Hong Kong,HK,22.29,114.16,84.0,79,98,4.0,1597009340
194,Linjiang,CN,41.81,126.91,70.07,89,74,1.16,1597009355
195,Santa Barbara,US,34.42,-119.7,69.01,68,1,8.05,1597009078
196,Nova Granada,BR,-20.53,-49.31,80.6,18,0,5.82,1597009358
197,Weligama,LK,5.97,80.42,78.24,87,98,11.41,1597009359
198,Boa Viagem,BR,-5.13,-39.73,77.41,37,0,2.19,1597009257
199,Mirny,RU,62.54,113.96,53.6,100,52,11.18,1597009361
200,Fortuna,US,40.6,-124.16,95.0,68,1,5.82,1597009362
201,Pangai,TO,-19.8,-174.35,77.0,65,20,6.93,1597009363
202,Prieska,ZA,-29.66,22.75,43.75,72,54,6.76,1597009364
203,Alim,PH,9.56,122.49,81.57,82,100,6.08,1597009365
204,Bom Jesus,BR,-9.07,-44.36,78.22,41,0,5.03,1597009366
205,Macheng,CN,31.18,115.03,77.56,91,83,1.79,1597009367
206,Bastrop,US,32.76,-91.87,96.8,44,1,5.82,1597009369
207,Lere,NG,10.39,8.57,67.69,92,93,6.22,1597009370
208,‘Ewa Beach,US,21.32,-158.01,84.2,62,75,10.29,1597009182
209,Horsham,GB,51.06,-0.33,73.99,69,71,9.17,1597009167
210,Bauchi,NG,10.5,10.0,70.79,89,99,5.14,1597009373
211,Ilhabela,BR,-23.78,-45.36,68.11,78,30,3.51,1597009374
212,Mastic Beach,US,40.77,-72.85,82.0,69,1,11.41,1597009265
213,Wasilla,US,61.58,-149.44,62.6,72,1,6.11,1597009349
214,Khurda,IN,20.18,85.62,80.6,100,75,1.12,1597009377
215,Harper,LR,4.38,-7.72,75.33,80,8,7.11,1597009378
216,Cabo San Lucas,MX,22.89,-109.91,91.4,43,5,16.11,1597009121
217,Batagay,RU,67.63,134.63,47.82,82,100,9.24,1597009380
218,Tiksi,RU,71.69,128.87,39.38,84,100,11.34,1597009382
219,Dikson,RU,73.51,80.55,43.2,95,47,17.45,1597009383
220,Boddam,GB,57.47,-1.78,55.4,93,75,6.93,1597009384
221,Talara,PE,-4.58,-81.27,64.18,80,1,17.29,1597009385
222,Lorengau,PG,-2.02,147.27,82.18,70,93,1.5,1597009386
223,Dingle,PH,11.0,122.67,76.98,87,98,2.86,1597009387
224,Gemeente Wageningen,NL,51.97,5.67,75.0,69,90,5.82,1597009388
225,Zhezkazgan,KZ,47.8,67.71,74.17,40,51,8.79,1597009389
226,Tateyama,JP,34.98,139.87,84.0,88,94,1.01,1597009391
227,Te Anau,NZ,-45.42,167.72,46.17,84,100,6.53,1597009392
228,Tulagi,SB,-9.1,160.15,77.0,88,20,2.24,1597009393
229,Ponta do Sol,PT,32.67,-17.1,75.2,69,40,5.82,1597009394
230,Yulara,AU,-25.24,130.99,39.2,60,0,4.7,1597009395
231,Arbuzynka,UA,47.91,31.32,69.24,57,48,8.12,1597009396
232,Ahipara,NZ,-35.17,173.17,55.63,61,86,3.91,1597009397
233,Nikolskoye,RU,59.7,30.79,66.99,72,16,6.71,1597009398
234,Igboho,NG,8.83,3.75,70.5,89,45,4.65,1597009400
235,Terrace,CA,54.52,-128.6,57.2,87,75,17.22,1597009401
236,Vila,PT,42.03,-8.16,71.01,88,4,3.36,1597009402
237,Departamento de Maldonado,UY,-34.67,-54.92,59.0,100,75,13.87,1597009403
238,Oktyabr'skiy,RU,54.48,53.47,54.54,86,100,14.07,1597009404
239,Kholmogory,RU,64.22,41.66,55.4,93,40,4.47,1597009405
240,Ayan,RU,56.45,138.17,62.19,64,8,1.05,1597009407
241,Manzanillo,CU,20.34,-77.12,91.85,60,4,7.25,1597009408
242,Alyangula,AU,-13.85,136.42,70.84,61,0,14.43,1597009409
243,Luanda,AO,-8.84,13.23,71.6,88,1,5.82,1597009410
244,Palafrugell,ES,41.92,3.16,77.0,48,99,1.74,1597009411
245,Pampa,US,35.54,-100.96,100.4,19,1,23.04,1597009412
246,Abhā,SA,18.22,42.51,69.8,82,76,8.05,1597009413
247,Kantunilkín,MX,21.09,-87.45,86.0,79,75,6.93,1597009414
248,Liyang,CN,29.71,118.29,77.25,90,99,0.29,1597009415
249,Mar del Plata,AR,-38.0,-57.56,48.2,87,90,11.41,1597009390
250,Tevaitoa,PF,-16.78,-151.5,78.42,71,0,16.82,1597009417
251,Williamsburg,US,37.27,-76.71,89.6,62,4,8.05,1597009201
252,Lata,PT,40.16,-8.33,70.0,81,99,1.01,1597009419
253,Tarakan,ID,3.3,117.63,77.59,87,98,5.03,1597009185
254,Torgau,DE,51.57,13.0,71.6,78,75,4.7,1597009422
255,Raudeberg,NO,61.99,5.14,57.2,82,0,4.7,1597009423
256,Ponte San Nicolò,IT,45.37,11.92,81.0,70,0,1.01,1597009424
257,San Quintín,MX,30.48,-115.95,76.33,55,0,16.2,1597009425
258,Mnogovershinnyy,RU,53.94,139.92,64.42,61,100,2.98,1597009426
259,Krasnyy Kholm,RU,58.06,37.12,55.58,87,0,1.97,1597009427
260,Yertsevo,RU,60.8,40.09,49.75,81,20,3.94,1597009428
261,Postojna,SI,45.78,14.22,66.99,87,8,2.64,1597009429
262,Anadyr,RU,64.75,177.48,53.6,81,75,8.95,1597009430
263,Bariloche,AR,-41.15,-71.31,41.0,80,40,23.04,1597009298
264,Sillod,IN,20.3,75.65,72.48,90,100,11.88,1597009432
265,Koygorodok,RU,60.45,51.0,44.62,96,0,5.41,1597009433
266,Russell,US,32.35,-85.2,93.2,65,75,9.17,1597009434
267,Bubaque,GW,11.28,-15.83,79.66,84,100,18.34,1597009435
268,Sokoni,TZ,-6.43,39.55,75.15,80,0,13.56,1597009436
269,Ntchisi,MW,-13.53,33.91,51.42,53,1,2.64,1597009437
270,Santa Cruz de la Sierra,BO,-17.8,-63.17,86.0,42,20,14.99,1597009228
271,Ziguinchor,SN,12.58,-16.27,78.8,100,40,4.7,1597009440
272,Ambilobe,MG,-13.2,49.05,64.92,79,33,2.93,1597009441
273,Žemaičių Naumiestis,LT,55.36,21.7,64.87,87,9,4.14,1597009442
274,Concarneau,FR,47.88,-3.92,73.4,77,78,8.05,1597009443
275,Asău,RO,46.43,26.4,64.0,82,0,4.59,1597009444
276,Ancud,CL,-41.87,-73.82,45.0,81,90,10.29,1597009445
277,Los Llanos de Aridane,ES,28.66,-17.92,75.2,73,5,16.11,1597009446
278,Chulumani,BO,-16.41,-67.53,68.9,44,2,4.03,1597009447
279,Bambous Virieux,MU,-20.34,57.76,68.0,52,75,12.75,1597009448
280,Hilo,US,19.73,-155.09,80.6,69,90,5.82,1597009449
281,Kumul,CN,42.8,93.45,81.68,17,80,8.79,1597009450
282,Caesarea,IL,32.52,34.9,80.01,69,20,5.82,1597009451
283,Esna,EG,25.29,32.55,91.71,19,22,4.92,1597009250
284,Tucumã,BR,-0.18,-50.05,80.4,78,91,8.03,1597009454
285,Aklavik,CA,68.22,-135.01,51.8,81,90,8.05,1597009455
286,Coos Bay,US,43.37,-124.22,84.0,68,1,26.4,1597009352
287,Zabul Province,AF,32.25,67.25,71.13,51,0,2.17,1597009457
288,Muscat,OM,23.61,58.59,93.2,67,38,2.24,1597009343
289,Nueve de Julio,AR,-35.44,-60.88,57.99,84,100,3.0,1597009460
290,Kahului,US,20.89,-156.47,86.0,58,40,23.04,1597009461
291,Lebu,CL,-37.62,-73.65,48.83,84,100,18.05,1597009462
292,North Myrtle Beach,US,33.82,-78.68,88.0,79,20,14.99,1597009463
293,Kouango,CF,4.99,19.96,72.0,93,100,1.14,1597009464
294,Solnechnyy,RU,50.72,136.63,62.49,84,98,3.04,1597009465
295,Hailar,CN,49.2,119.7,58.73,91,100,5.39,1597009466
296,Pisco,PE,-13.7,-76.22,66.2,68,6,13.87,1597009467
297,Khatanga,RU,71.97,102.5,44.19,81,28,11.68,1597009468
298,Peniche,PT,39.36,-9.38,69.01,87,30,8.01,1597009469
299,Sibu,MY,2.3,111.82,75.2,88,20,4.7,1597009470
300,Vila Franca do Campo,PT,37.72,-25.43,71.6,73,20,8.05,1597009471
301,Kalengwa,ZM,-13.47,25.0,56.17,40,0,3.83,1597009472
302,Nador,MA,35.17,-2.93,78.8,83,32,2.15,1597009473
303,Yaan,NG,7.38,8.57,73.0,91,95,4.92,1597009474
304,Amuntai,ID,-2.42,115.25,74.23,97,100,1.3,1597009476
305,Thompson,CA,55.74,-97.86,64.4,72,75,9.17,1597009477
306,Liverpool,GB,53.41,-2.98,68.0,77,90,6.93,1597009183
307,Jiaojiang,CN,28.68,121.44,82.99,96,11,5.5,1597009479
308,Uíge,AO,-7.61,15.06,63.07,84,12,3.0,1597009480
309,Bereket,TM,39.24,55.52,83.08,32,8,7.29,1597009481
310,Coquimbo,CL,-29.95,-71.34,57.2,82,100,12.75,1597009482
311,Say,NE,13.1,2.37,80.6,78,21,6.93,1597009483
312,Vangaindrano,MG,-23.35,47.6,57.58,86,2,6.73,1597009484
313,Eisenstadt,AT,47.85,16.52,75.99,60,9,4.7,1597009486
314,Livingstonia,MW,-10.61,34.11,57.11,68,3,1.92,1597009487
315,Port Blair,IN,11.67,92.75,81.81,84,100,14.45,1597009489
316,Souillac,MU,-20.52,57.52,68.0,52,75,12.75,1597009490
317,Karratha,AU,-20.74,116.85,70.9,77,98,10.0,1597009491
318,Bath,GB,51.38,-2.36,70.0,76,84,1.99,1597009370
319,Rocha,UY,-34.48,-54.33,61.21,95,100,6.11,1597009493
320,Ostrovnoy,RU,68.05,39.51,51.48,75,100,8.5,1597009494
321,Longyearbyen,SJ,78.22,15.64,46.87,71,100,6.02,1597009495
322,Dhankutā,NP,26.98,87.33,71.46,89,100,4.21,1597009496
323,Couëron,FR,47.22,-1.72,80.6,54,6,5.82,1597009497
324,Villa Carlos Paz,AR,-31.42,-64.5,81.0,31,0,17.22,1597009498
325,Boulsa,BF,12.67,-0.58,78.12,81,22,9.86,1597009499
326,North Ogden,US,41.31,-111.96,91.99,6,1,10.4,1597009500
327,Łapy,PL,52.99,22.88,71.01,81,0,5.86,1597009365
328,Cícero Dantas,BR,-10.6,-38.38,65.16,95,9,6.8,1597009502
329,São Miguel do Araguaia,BR,-13.28,-50.16,77.2,34,2,1.88,1597009386
330,Minbu,MM,20.18,94.88,77.9,89,100,10.47,1597009505
331,Ust'-Kan,RU,50.93,84.76,53.31,77,100,3.4,1597009506
332,Inyonga,TZ,-6.72,32.07,63.14,48,0,1.77,1597009507
333,Laurel,US,39.1,-76.85,91.0,52,40,3.36,1597009508
334,Laas,IT,46.62,10.7,62.6,82,5,1.48,1597009510
335,Kavieng,PG,-2.57,150.8,81.95,74,99,4.32,1597009511
336,Deputatsky,RU,69.3,139.9,38.35,97,100,5.77,1597009512
337,Coyhaique,CL,-45.58,-72.07,41.0,48,34,8.05,1597009513
338,Wakefield,GB,53.68,-1.5,63.0,78,91,4.0,1597009355
339,Minsk,BY,53.9,27.57,62.6,88,10,4.47,1597009515
340,La Unión,PE,-5.4,-80.75,73.8,51,0,15.1,1597009516
341,Belluno,IT,46.15,12.22,78.01,87,75,8.05,1597009517
342,Constitución,CL,-35.33,-72.42,53.42,88,100,5.3,1597009519
343,Poum,NC,-20.23,164.02,74.48,81,95,14.79,1597009520
344,Necochea,AR,-38.55,-58.74,46.99,90,100,11.99,1597009521
345,Road Town,VG,18.42,-64.62,86.0,66,20,8.05,1597009284
346,Novikovo,RU,51.15,37.89,62.51,81,9,4.14,1597009523
347,Diapaga,BF,12.07,1.79,75.65,83,41,6.62,1597009524
348,Gazojak,TM,41.19,61.4,79.43,21,0,4.97,1597009525
349,Alofi,NU,-19.06,-169.92,77.0,61,1,9.17,1597009526
350,Ponta Delgada,PT,37.73,-25.67,71.6,73,20,8.05,1597009527
351,Khonsa,IN,27.02,95.57,70.61,92,100,3.18,1597009529
352,Itarema,BR,-2.92,-39.92,77.95,77,0,13.24,1597009530
353,George,ZA,-33.96,22.46,55.4,66,3,13.87,1597009531
354,Tubmanburg,LR,6.87,-10.82,72.75,89,98,2.28,1597009532
355,Avera,US,33.19,-82.53,93.2,52,40,4.7,1597009533
356,Sokodé,TG,8.98,1.13,69.57,88,35,2.21,1597009534
357,Kozluk,TR,38.19,41.49,71.6,64,0,4.7,1597009535
358,Chicama,PE,-7.84,-79.15,66.45,67,24,9.08,1597009536
359,Kavaratti,IN,10.57,72.64,81.79,79,100,21.0,1597009537
360,Port Hardy,CA,50.7,-127.42,59.0,77,90,9.17,1597009538
361,Talnakh,RU,69.49,88.4,53.6,100,90,13.42,1597009539
362,Clyde River,CA,70.47,-68.59,42.8,81,90,21.92,1597009541
363,Labuan,MY,5.28,115.24,77.0,88,20,6.93,1597009542
364,Hīt,IQ,33.64,42.83,86.09,21,0,14.85,1597009543
365,Leningradskiy,RU,69.38,178.42,38.75,90,100,16.31,1597009544
366,Karwar,IN,14.8,74.13,78.21,85,100,8.66,1597009545
367,Balkanabat,TM,39.51,54.37,86.61,27,50,7.94,1597009546
368,Abu Kamal,SY,34.45,40.92,79.95,47,0,15.66,1597009547
369,Sinnamary,GF,5.38,-52.95,79.09,86,34,10.54,1597009548
370,Sibolga,ID,1.74,98.78,77.11,75,63,3.27,1597009549
371,Lavrentiya,RU,65.58,-171.0,50.88,65,66,9.66,1597009550
372,Bundaberg,AU,-24.85,152.35,48.2,81,0,6.93,1597009552
373,Adrar,MR,20.5,-10.07,97.54,25,0,16.6,1597009553
374,Mokrousovo,RU,55.81,66.77,64.33,81,72,9.08,1597009555
375,Hanmer Springs,NZ,-42.52,172.82,48.76,66,6,5.1,1597009556
376,Kungurtug,RU,50.6,97.52,44.42,81,0,1.54,1597009557
377,Polunochnoye,RU,60.87,60.42,51.53,98,100,9.93,1597009558
378,Haines Junction,CA,60.75,-137.51,54.19,72,99,2.82,1597009559
379,Gwadar,PK,25.12,62.33,84.31,86,36,3.94,1597009560
380,Fort-Shevchenko,KZ,44.51,50.26,75.29,56,0,8.68,1597009561
381,Hambantota,LK,6.12,81.12,77.0,100,40,6.93,1597009562
382,Raja,SS,8.46,25.68,69.49,95,100,3.06,1597009563
383,Palotina,BR,-24.28,-53.84,69.75,49,0,5.57,1597009564
384,Bonnyville,CA,54.27,-110.73,68.0,42,75,18.34,1597009565
385,Hamilton,US,39.18,-84.53,91.99,52,75,5.82,1597009515
386,Riyadh,SA,24.69,46.72,89.6,17,21,5.82,1597009340
387,Zabaykal'sk,RU,49.63,117.32,58.87,87,99,5.12,1597009569
388,Ukiah,US,39.15,-123.21,102.99,22,1,8.05,1597009570
389,Quang Ngai,VN,15.12,108.8,76.82,82,50,5.01,1597009571
390,Mutare,ZW,-18.97,32.67,50.76,55,0,2.26,1597009572
391,Mbala,ZM,-8.84,31.37,57.22,53,0,8.28,1597009573
392,Ixtlán de los Hervores,MX,20.18,-102.4,64.27,93,100,2.98,1597009574
393,Waipawa,NZ,-41.41,175.52,55.0,71,0,12.75,1597009575
394,Hurricane,US,37.18,-113.29,102.99,8,0,1.01,1597009576
395,Yima,CN,34.74,111.88,73.78,85,0,1.1,1597009577
396,Waddān,LY,29.16,16.14,79.63,53,0,16.8,1597009578
397,Goderich,CA,43.75,-81.72,84.0,72,63,11.05,1597009540
398,Mayor Pablo Lagerenza,PY,-19.93,-60.77,85.51,23,0,5.95,1597009580
399,Tigil',RU,57.8,158.67,59.52,53,100,3.67,1597009581
400,Albion,US,42.24,-84.75,88.0,58,1,8.05,1597009582
401,Byron Bay,AU,-28.65,153.62,53.6,66,2,8.05,1597009583
402,Moerai,PF,-22.43,-151.33,75.0,87,64,12.86,1597009584
403,Kudahuvadhoo,MV,2.67,72.89,82.08,78,100,10.11,1597009586
404,Jasper,US,37.2,-94.35,91.4,55,20,9.17,1597009587
405,Hualmay,PE,-11.1,-77.61,63.5,72,14,8.68,1597009588
406,Mandalgovi,MN,45.76,106.27,53.33,75,48,11.14,1597009589
407,Half Moon Bay,US,37.46,-122.43,84.0,50,5,10.29,1597009590
408,Arlit,NE,18.74,7.39,85.84,60,100,18.79,1597009591
409,Falam,MM,22.92,93.68,63.0,100,100,1.81,1597009592
410,Sakhipur,BD,24.3,90.18,82.4,83,75,9.17,1597009593
411,Armidale,AU,-30.52,151.65,35.01,100,86,7.0,1597009594
412,Salaga,GH,8.55,-0.52,74.19,80,50,4.59,1597009456
413,Yatou,CN,37.15,122.38,74.97,96,90,3.74,1597009597
414,Gazi,GR,35.33,25.07,79.0,65,20,10.29,1597009598
415,Winnemucca,US,40.97,-117.74,96.8,9,1,13.76,1597009599
416,Havre-St-Pierre,CA,50.23,-63.6,66.2,72,90,9.17,1597009600
417,Kaitangata,NZ,-46.28,169.85,50.0,72,83,10.0,1597009601
418,Bairiki Village,KI,1.33,172.98,84.2,70,20,14.99,1597009602
419,Pacific Grove,US,36.62,-121.92,79.0,41,1,8.05,1597009360
420,Buraidah,SA,26.33,43.98,87.8,25,53,12.75,1597009604
421,Amapá,BR,1.0,-52.0,80.74,63,99,1.92,1597009605
422,Laguna,US,38.42,-121.42,100.0,31,0,1.99,1597009606
423,Port Hawkesbury,CA,45.62,-61.35,84.2,45,1,3.36,1597009501
424,Mount Gambier,AU,-37.83,140.77,37.4,100,11,6.62,1597009608
425,General Roca,AR,-39.03,-67.58,57.2,50,0,2.24,1597009610
426,Derzhavīnsk,KZ,51.1,66.32,67.06,71,20,9.93,1597009611
427,Hanyang,CN,32.14,105.51,72.37,94,13,1.72,1597009612
428,Puri,IN,19.8,85.85,80.6,100,75,1.12,1597009385
429,Albi,FR,43.93,2.15,82.4,58,100,14.99,1597009459
430,Slave Lake,CA,55.28,-114.77,68.0,42,1,31.09,1597009615
431,Launceston,AU,-41.45,147.17,28.99,100,75,9.17,1597009616
432,Sennar,SD,13.57,33.57,76.87,81,100,13.53,1597009617
433,Kristinestad,FI,62.27,21.38,58.78,74,0,8.25,1597009618
434,Saint Anthony,US,45.02,-93.22,87.01,74,20,5.82,1597009601
435,Manado,ID,1.49,124.85,75.2,94,40,1.12,1597009620
436,Xichang,CN,27.9,102.26,66.27,81,21,0.49,1597009622
437,Mahibadhoo,MV,3.78,72.97,82.33,77,88,12.91,1597009623
438,Umluj,SA,25.02,37.27,86.99,55,100,5.08,1597009624
439,Gijang,KR,35.24,129.21,78.8,88,75,11.41,1597009625
440,Ketchikan,US,55.34,-131.65,62.6,82,40,17.22,1597009626
441,Omboué,GA,-1.57,9.26,73.38,83,89,8.61,1597009627
442,Rio Real,BR,-11.48,-37.93,67.53,94,13,5.64,1597009628
443,Morón,AR,-34.65,-58.62,57.0,99,98,5.01,1597009503
444,Medeiros Neto,BR,-17.37,-40.22,67.33,82,38,7.11,1597009445
445,Marquette,US,46.53,-87.63,86.0,55,75,16.11,1597009631
446,Morehead,US,37.27,-87.18,86.0,62,40,4.7,1597009632
447,Kirovskiy,RU,45.09,133.51,62.67,97,100,7.54,1597009633
448,Nānākuli,US,21.39,-158.15,84.2,62,75,10.29,1597009634
449,Huarmey,PE,-10.07,-78.15,64.74,70,7,9.42,1597009635
450,Kiama,AU,-34.68,150.87,55.99,83,89,1.99,1597009636
451,Wanning,CN,18.8,110.4,80.96,84,20,8.34,1597009637
452,Lukhovitsy,RU,54.97,39.04,54.0,81,6,4.59,1597009639
453,Goundam,ML,16.41,-3.67,92.46,45,100,11.03,1597009640
454,Saint-Augustin,CA,51.23,-58.65,77.25,51,44,13.47,1597009641
455,Djebeniana,TN,35.03,10.91,82.4,61,0,5.82,1597009642
456,Okhotsk,RU,59.38,143.3,64.15,65,0,7.14,1597009643
457,Mazamari,PE,-11.33,-74.53,83.93,43,62,3.09,1597009644
458,Margate,GB,51.38,1.39,71.01,88,79,1.99,1597009645
459,Imperial,US,33.03,-115.42,113.0,3,1,4.07,1597009646
460,Sabzawār,IR,36.21,57.68,75.67,26,0,9.64,1597009647
461,Kaitong,CN,44.81,123.15,70.86,83,4,8.81,1597009648
462,Cumpas,MX,29.98,-109.78,99.66,26,0,4.03,1597009649
463,Iberia,US,29.95,-91.75,86.0,74,1,8.32,1597009650
464,Zyryanka,RU,65.75,150.85,66.11,50,85,12.68,1597009652
465,Kupang,ID,-10.17,123.58,71.6,83,40,1.12,1597009653
466,Altinópolis,BR,-21.03,-47.37,78.8,26,79,5.82,1597009654
467,Hasaki,JP,35.73,140.83,79.0,94,75,3.36,1597009655
468,Marsá Maţrūḩ,EG,31.35,27.25,77.09,78,0,9.64,1597009649
469,Kruisfontein,ZA,-34.0,24.73,59.0,60,0,8.88,1597009657
470,Gimli,CA,50.63,-96.99,78.01,79,65,13.0,1597009658
471,Hervey Bay,AU,-25.3,152.85,52.0,68,0,4.0,1597009591
472,Vilhena,BR,-12.74,-60.15,86.0,33,34,5.82,1597009660
473,Honningsvåg,NO,70.98,25.97,51.8,87,75,11.41,1597009662
474,Vieira de Leiria,PT,39.87,-8.93,64.99,93,75,9.17,1597009663
475,Micomeseng,GQ,2.15,10.62,67.05,97,99,3.31,1597009664
476,Mangan,IN,27.52,88.53,75.58,60,100,2.04,1597009665
477,Lakes Entrance,AU,-37.88,147.98,42.01,97,76,3.13,1597009666
478,Shubarkuduk,KZ,49.14,56.49,62.01,68,44,20.67,1597009667
479,Mulchén,CL,-37.72,-72.23,53.6,100,75,9.17,1597009668
480,Moree,AU,-29.47,149.85,44.6,93,90,11.41,1597009669
481,Sobolevo,RU,54.43,31.9,60.42,92,2,4.61,1597009670
482,Luba,GQ,3.46,8.55,75.81,79,88,8.41,1597009671
483,Ranot,TH,7.78,100.32,81.95,78,90,8.88,1597009672
484,College,US,64.86,-147.8,64.4,63,75,10.29,1597009673
485,Mali,GN,12.08,-12.3,78.8,88,20,9.17,1597009674
486,Ust-Nera,RU,64.57,143.2,65.3,41,79,9.26,1597009675
487,Freeport,US,40.66,-73.58,82.99,65,1,16.11,1597009534
488,Torres,BR,-29.34,-49.73,62.62,76,0,5.03,1597009677
489,Aranos,NA,-24.13,19.12,46.4,44,0,10.47,1597009678
490,Suzzara,IT,44.99,10.74,79.0,66,0,4.68,1597009679
491,Ngama,TD,11.78,17.17,73.54,90,100,5.84,1597009681
492,Sorong,ID,-0.88,131.25,78.93,85,31,4.05,1597009682
493,Labuhan,ID,-6.88,112.21,75.49,88,45,7.27,1597009683
494,Piaçabuçu,BR,-10.41,-36.43,73.69,85,12,12.08,1597009684
495,Keti Bandar,PK,24.14,67.45,84.54,81,54,15.5,1597009685
496,Egvekinot,RU,66.32,-179.17,45.48,93,100,7.43,1597009640
497,The Valley,AI,18.22,-63.06,86.0,70,20,11.41,1597009687
498,Araouane,ML,18.9,-3.53,100.69,25,62,9.78,1597009688
499,Along,IN,28.17,94.77,74.82,90,100,0.43,1597009689
500,Rodrigues Alves,BR,-7.74,-72.65,89.6,52,40,5.82,1597009690
501,Miguelópolis,BR,-20.18,-48.03,71.98,47,18,10.29,1597009418
502,Huambo,AO,-12.78,15.74,56.43,38,0,2.15,1597009692
503,Talaya,RU,61.38,152.75,66.97,50,100,9.19,1597009693
504,Inuvik,CA,68.35,-133.72,51.8,81,90,8.05,1597009694
505,Auki,SB,-8.77,160.7,82.42,73,99,3.69,1597009695
506,Taoudenni,ML,22.68,-3.98,102.96,11,0,10.56,1597009696
507,Berlevåg,NO,70.86,29.09,53.6,81,75,12.75,1597009639
508,Husavik,IS,66.04,-17.34,60.8,63,75,26.4,1597009699
509,Kathmandu,NP,27.72,85.32,71.6,100,75,1.99,1597009485
510,Montepuez,MZ,-13.13,39.0,61.0,82,0,5.41,1597009701
511,Trincomalee,LK,8.57,81.23,80.85,77,100,18.84,1597009702
512,Atherton,GB,53.52,-2.49,66.0,75,63,1.99,1597009703
513,Bangkalan,ID,-7.05,112.74,77.36,84,12,5.86,1597009704
514,Lasem,ID,-6.69,111.45,74.66,90,15,6.4,1597009705
515,San Jose,US,37.34,-121.89,91.0,33,5,8.05,1597009487
516,Koumac,NC,-20.57,164.28,74.98,71,96,12.12,1597009707
517,Geraldton,AU,-28.77,114.6,59.0,77,75,14.99,1597009708
518,Namwala,ZM,-15.75,26.44,55.13,48,0,2.3,1597009709
519,Qui Nhon,VN,13.77,109.23,80.92,74,93,9.89,1597009508
520,Nouadhibou,MR,20.93,-17.03,71.6,88,20,20.8,1597009711
521,Jingdezhen,CN,29.29,117.21,77.74,94,100,2.93,1597009712
522,Santoña,ES,43.44,-3.46,73.0,94,75,4.7,1597009713
523,Killybegs,IE,54.63,-8.45,55.0,93,75,3.51,1597009714
524,Arrondissement de Lannion,FR,48.75,-3.42,62.6,93,80,5.82,1597009715
525,Prainha,BR,-1.8,-53.48,86.14,47,55,3.4,1597009717
526,Sahuaripa,MX,29.05,-109.23,100.26,34,0,7.29,1597009718
527,Vila Velha,BR,-20.33,-40.29,73.4,78,40,6.93,1597009719
528,Meadow Lake,US,34.8,-106.54,95.0,15,1,6.93,1597009720
529,Snåase,NO,64.25,12.38,47.16,84,6,1.07,1597009721
530,Allschwil,CH,47.55,7.54,73.0,77,1,3.36,1597009722
531,Litovko,RU,49.24,135.17,62.19,95,100,4.74,1597009723
532,Swellendam,ZA,-34.02,20.44,55.4,82,3,14.99,1597009724
533,Lufilufi,WS,-13.87,-171.6,84.0,79,94,3.0,1597009725
534,Fukuechō,JP,32.69,128.84,83.07,83,85,37.83,1597009726
535,Dahegām,IN,23.17,72.82,78.8,100,90,5.82,1597009727
536,Lashio,MM,22.93,97.75,70.05,99,100,0.92,1597009728
537,Tahoua,NE,14.89,5.27,73.4,88,40,6.93,1597009729
538,Bengkulu,ID,-3.8,102.27,74.93,91,35,4.7,1597009730
539,Suicheng,CN,33.9,117.93,76.37,92,7,0.89,1597009731
540,Lakselv,NO,70.05,24.97,55.4,71,75,25.28,1597009732
541,Mchinji,MW,-13.8,32.88,54.05,55,1,2.62,1597009733
542,Puerto Madryn,AR,-42.77,-65.04,47.57,59,98,19.28,1597009735
543,Korostyshiv,UA,50.32,29.06,63.36,79,48,0.87,1597009736
544,Revelstoke,CA,50.98,-118.2,71.6,33,20,3.36,1597009737
545,Fort Nelson,CA,58.81,-122.7,69.8,37,75,5.82,1597009738
546,Yueyang,CN,29.33,113.09,77.34,95,99,7.47,1597009739
547,Aksarka,RU,66.56,67.8,46.31,90,100,10.76,1597009740
548,Havøysund,NO,71.0,24.66,51.8,87,40,18.34,1597009741
549,Kisi,NG,9.08,3.85,71.22,87,29,5.55,1597009742
550,Tura,IN,25.52,90.22,75.0,98,100,6.24,1597009743
551,Tambura,SS,5.6,27.47,68.13,95,98,3.0,1597009744
552,Prokudskoye,RU,55.01,82.46,57.2,100,0,2.24,1597009745
553,Staryy Nadym,RU,65.61,72.68,52.52,87,99,14.88,1597009746
554,San Juan,AR,-31.54,-68.54,72.95,20,1,4.88,1597009747
555,Sangar,RU,63.92,127.47,56.07,91,77,7.0,1597009748
556,Khovd,MN,48.01,91.64,58.75,57,48,1.63,1597009749
557,Rivers,CA,50.03,-100.24,73.4,38,20,24.16,1597009750
558,Knysna,ZA,-34.04,23.05,55.4,66,1,13.87,1597009751
559,Aligoodarz,IR,33.4,49.69,58.55,37,0,1.43,1597009753
560,Yinchuan,CN,38.47,106.27,74.26,35,6,6.06,1597009754
561,Keetmanshoop,NA,-26.58,18.13,42.87,65,0,3.96,1597009755
562,Piracanjuba,BR,-17.3,-49.02,67.96,47,26,9.33,1597009756
563,Terpeziţa,RO,44.28,23.52,71.01,88,83,3.36,1597009757
564,Ullapool,GB,57.9,-5.16,57.99,71,93,10.0,1597009758
565,St. George's,GD,12.06,-61.75,82.4,78,20,11.41,1597009759
566,Soure,BR,-0.72,-48.52,81.45,80,94,13.33,1597009761
567,Maceió,BR,-9.67,-35.74,75.2,78,40,6.93,1597009762
568,Mthatha,ZA,-31.59,28.78,57.2,33,0,17.22,1597009763
569,Bontang,ID,0.13,117.5,78.4,84,62,3.74,1597009764
570,Gizo Government Station,SB,-8.1,156.84,82.89,72,92,4.27,1597009564
571,Boyolangu,ID,-8.12,111.89,71.01,90,61,1.72,1597009766
572,Nandi Hills,KE,0.11,35.18,57.2,93,100,4.7,1597009767
573,Zarubino,RU,42.63,131.09,69.64,97,100,3.87,1597009768
574,Tahe,CN,52.33,124.73,59.02,97,100,6.89,1597009626
